"daoName","publicAddress","name","ensName","status","twitterHandle","forumHandle","discordHandle","discordUsername","delegatedTokens","delegatorCount","karmaScore","forumActivityScore","forumLikesReceived","forumPostsReadCount","proposalsInitiated","proposalsDiscussed","forumTopicCount","forumPostCount","offChainVotesPct","onChainVotesPct","proposalsOnSnapshot","discordMessagesCount","discordMessagePercentile"
"ssvnetwork","0x2de670a1d8c1de83d8727295284704bb196ba117","BenAffleck","","active","batfleck9383","benaffleck","780814541394935818","ben.affleck#0",10108,1,89,96,663,2470,90,269,98,335,87,,0,763,98
"ssvnetwork","0x9933fcd422180fe81c83aed0de219c6fc4a08c15","fod","","active","","fod","517542364831678474","fod8970#0",26004,7,79,72,261,1790,6,74,8,133,80,,0,101,95
"ssvnetwork","0x0b399d2667733659f4a5fdcb030f3e26d26cc0fe","spooky.eth","spooky.eth","active","","spookyg","104283439322136576","sp00kyg#0",27862,4,67,75,137,1655,9,58,10,76,64,,0,39,82
"ssvnetwork","0xe3023dae714d827f2452442fccfdc2bcd684de13","DragonStake","","active","","derfredy","580093092934189056","derfredy#0",40000,2,57,30,,,,,,,66,,0,0,25
"ssvnetwork","0x1b1627b632f774b4b95cfe28ec03d8f9c5847f0b","0neinfra.eth","0neinfra.eth","active","","h.m.23-0neinfra","808005193899573279","h.m.23#0",35472,2,54,33,,,,,,,60,,0,9,65
"ssvnetwork","0xe1e550357dd309e360b045de0713b13066efd701","","","withdrawn","","","","",30000,1,52,,,,,,,,69,0,0,,
"ssvnetwork","0xc799be8de03f20b2d3b101e6f6516d614e6ffe06","Hayhouse Projects LLC","hackworth.eth","active","","hackworth","135149114609369088","hackworth.eth#0",10601,3,52,24,60,774,0,31,1,39,60,,0,3,53
"ssvnetwork","0x8b529ef78046008f9d1fbc91c7407030de96ee32","Marc | Blockshard","blockshard.eth","withdrawn","","bumpytale","404217698675982336","marc_blockshard#0",0,0,49,59,70,852,6,33,6,35,45,,0,45,88
"ssvnetwork","0xfb6141dfe88540450b2b3e5c1a64944c4325b6d9","LinkoPlus | AXBLOX","","active","","axblox","830495378314756107","linkoplus#0",30005,3,45,62,195,984,2,98,6,131,39,,0,18,72
"ssvnetwork","0x32ebaf9ea4063d911222407838e15e3a5027a638","markoInEther","","active","","markoinether","684383986046468117","markoinether#0",40002,5,39,79,57,522,12,22,14,25,27,,0,3,53
"ssvnetwork","0x8f8c3b3d99a2cd1d4ca8aa1a386b743510436b16","flo","","active","","flo","776535637167439872","fm.heigl#0",35400,2,37,39,,,,,,,37,,0,0,25
"ssvnetwork","0x44e50757ad63558cf5281bb4da7997bcf5118e33","Taiga","","active","","taiga","690094174292148285","zktaiga#0",25690,0,35,71,54,1222,11,11,11,14,22,,0,73,92
"ssvnetwork","0x3ea44328b48a027a5e7ada15c193cbc388268786","vethd | monitorssv","","active","","monitorssv","1184329060411785219","vethd.#0",6001,1,34,57,41,575,3,24,3,31,26,,0,20,78
"ssvnetwork","0xefe28ba8c9bb3438f92f75be0acd078182c61231","Yorick","","withdrawn","","","219015859182632960","yorickdowne#0",0,0,33,85,,,,,,,15,0,0,65,88
"ssvnetwork","0x33798b4f75e9726955708c272a4e764ea29476b7","yuting","","active","","yuting","847829334927474708","yutingttm#0",5000,2,32,32,152,1017,0,52,3,70,30,,0,19,75
"ssvnetwork","0x9fb67dea6c6f9f0e35c3ebe61afda0cfd9a332c3","Stakewith.us","","active","","","","",30000,2,31,0,,,,,,,41,,0,,
"ssvnetwork","0x6210477b3025bf5ea50a35d39e7d2875dc11661c","","noah.savedsouls.eth","active","","gbeast","761106352549527553","gbeast.eth#0",4410,3,27,37,36,382,1,12,2,24,22,,0,45,85
"ssvnetwork","0x833982274afc3909f0fff48e92546ec21ae5ad6b","Ebunker","","active","","damon","673526781357195315","lenard_feng#0",10000,1,26,36,,,,,,,23,,0,0,25
"ssvnetwork","0x269ebeee083ce6f70486a67dc8036a889bf322a9","ThomasBlock","thomasblock.eth","withdrawn","","thomasblock","456607718187335680","thomasblock#0",5009,2,26,39,,,,,,,21,,0,6,64
"ssvnetwork","0x404f9fa7e8c6b911f6dc3bb32f103a77deb8dda7","","","active","","","","",30000,1,26,0,,,,,,,34,,0,,
"ssvnetwork","0x58b1b454dbe5156acc8fc2139e7238451b59f432","LemmaGov","lemmagovernance.eth","active","","lemmagov","416222591330549770","hugonomics#0",147832,1,25,36,,,,,,,22,,0,0,25
"ssvnetwork","0x7ddee51c8375399127b18a0333f80292c3fb6486","llifezou","","active","","llifezou","935478899998089226","llifezou#0",5000,1,25,37,,,,,,,22,,0,0,25
"ssvnetwork","0xa32d07ad5c398599636867439a4bcaef119351ab","Sigma Prime","","active","","sigmaprime","","",10000,1,24,30,,,,,,,23,,0,,
"ssvnetwork","0xf389dd1f828525b449d63d14157f2d3a25ee0a41","","cvjoint.eth","active","","","","",35011,4,23,0,,,,,,,31,,0,,
"ssvnetwork","0xf2659cc196829c6676b1e0e1a71a8797cec6778a","HashKey Cloud","","active","","hashkeygov","","",13008,1,21,0,,,,,,,28,,0,,
"ssvnetwork","0x51092a250891637d036e4617a1e38a70309fedcb","","","active","","kbc","","",30004,2,20,41,,,,,,,15,,0,,
"ssvnetwork","0xd4b06a0bec0bd015027e2ca7d30367fab60a1a8e","","","active","","","","",0,0,20,0,,,,,,,26,0,0,,
"ssvnetwork","0x26b0bb09478a8423b53b2854deffb8a61a889725","EthernodesGov","","active","","ethernodes","977282820806434879","alphanodesalphagrowth#0",10798,1,19,0,,,,,,,24,,0,0,25
"ssvnetwork","0x13e2926facd4e56a8f4412a945ea038f62de22a5","","","active","","","","",0,0,19,0,,,,,,,25,0,0,,
"ssvnetwork","0x1339e13f50251bc9567ee9b315a8ecf4cd8af4e6","","","active","","","","",1,0,19,0,,,,,,,25,,0,,
"ssvnetwork","0x17fe4ed21e35b5ad800179b0c20447ca3f5280db","","11144.eth","active","","","","",0,0,19,0,,,,,,,25,0,0,,
"ssvnetwork","0x45c127bbbb590d99d0f35a80762ddf03f55d089b","","pepebills.eth","active","","","","",0,0,17,0,,,,,,,22,0,0,,
"ssvnetwork","0x0b7455fed54daba688871b285c6c245c5b95bffa","","","active","","","","",25000,1,17,0,,,,,,,22,,0,,
"ssvnetwork","0x261f436676cfa456a8f086a850160e97550aea9c","","admiral.savedsouls.eth","active","","","","",0,0,17,0,,,,,,,23,,0,,
"ssvnetwork","0xfa08c782a435f713cb0fd6d5836b7525b36372f0","ChainUp","","active","","chainupgov","","",18397,1,16,0,,,,,,,21,,0,,
"ssvnetwork","0xe6b6e280a41ddbdb19543e29cad4088a11ddf6b8","","","active","","","","",15000,1,16,0,,,,,,,21,,0,,
"ssvnetwork","0x872da650d6d727b87e56d8e46f62228a27f94b3d","","","active","","","","",2513,0,15,0,,,,,,,20,,0,,
"ssvnetwork","0x5bca305df5b8446546224d7e548ef4e681eacfc9","","btcdot.eth","active","","","","",0,0,15,0,,,,,,,20,0,0,,
"ssvnetwork","0xa4ab16a28a8567bb7e51d536f151f8bac1d3b464","SSVHodler","","active","","","","",0,0,15,0,,,,,,,20,,0,,
"ssvnetwork","0xf89e388d02635f2a9b8ab567618940829bd9af07","","nudities.eth","active","","","","",0,0,15,0,,,,,,,20,0,0,,
"ssvnetwork","0x425a9d0d5955cb82d77fda64d01561dd960e7e9f","RockX","","active","","","","",0,0,15,0,,,,,,,20,0,0,,
"ssvnetwork","0x952c23f8f067a5e7e165ff0e42491f51d87dbc95","","maoyan.eth","active","pokl888","","","",0,0,15,0,,,,,,,20,,0,,
"ssvnetwork","0xae4494eea1265fbb7e4be2ccba2bd28a6a8da167","","","active","","","","",0,0,14,0,,,,,,,19,0,0,,
"ssvnetwork","0xffdcabffb9ec425fd0b469ef626c844cb68670e8","","","active","","","","",0,0,14,0,,,,,,,19,0,0,,
"ssvnetwork","0xb693ef9c104dc956c9a1766361970cd9f1eeb013","","","active","","","","",0,0,13,0,,,,,,,17,,0,,
"ssvnetwork","0xc483287d7e6d2d5427444b7b5690794d5c886c27","","tehllama.eth","active","","","","",0,0,13,0,,,,,,,17,0,0,,
"ssvnetwork","0x3a409eff50a47aeef294e3f0bb3874490dd99abc","","ccdefi.eth","active","","","","",0,0,13,0,,,,,,,17,,0,,
"ssvnetwork","0x26036ede308c90987cb29a20b713c93e07db73c5","","","active","","","","",0,0,13,0,,,,,,,17,0,0,,
"ssvnetwork","0xe4a1319048c3a3873da557a289817276aac96296","","","active","","","","",41015,0,13,0,,,,,,,17,,0,,
"ssvnetwork","0x55c5d95237d4cb2950b1a8bddf5fa57908bc7bcc","","jasoneth.eth","active","","","","",0,0,13,0,,,,,,,17,0,0,,
"ssvnetwork","0x2d500166d5422c9b9db58320d3174c931f280a6d","","","active","","","","",0,0,13,0,,,,,,,17,,0,,
"ssvnetwork","0x67e02be3d70acc00e322a8995e9298741d502a6e","Blockside","","active","","blockside","1070971216573239296","blockside#0",5000,2,12,30,,,,,,,6,,0,0,25
"ssvnetwork","0xb07ffa5bda695e6214a4e7d95b32a942b1d16c65","","","active","","","","",0,0,12,0,,,,,,,16,0,0,,
"ssvnetwork","0xa52f23bdcdf3094d124e93b75dd8e0c0fe8b945a","","gemspec.eth","active","","","","",0,0,12,0,,,,,,,16,0,0,,
"ssvnetwork","0x700a023f22c4a4fbfdeed3d00b951ef8ea932be1","","baseace.eth","active","","","","",0,0,12,0,,,,,,,16,0,0,,
"ssvnetwork","0x2cf4f79e88b723ab5969209cc3f8ce1e8eb392ac","","","active","","","","",2187,0,12,0,,,,,,,16,,0,,
"ssvnetwork","0x8021712b9c17bdc3057067d27782404dcca352e3","","","active","","","","",0,0,12,0,,,,,,,16,0,0,,
"ssvnetwork","0x60cd284adc16f5858c23b26c8377c13f72c49e35","XHash","","active","","kenway","","",10000,1,11,15,10,250,0,7,1,8,10,,0,,
"ssvnetwork","0x04490dc0f52a97ef2d6ea0c4d9edbcde8c8546cc","","bitcichain.eth","active","","","","",0,0,11,0,,,,,,,14,0,0,,
"ssvnetwork","0xadaa78db09f0f38ca68ff357ba5968c96b2d6d8f","","ghotoman.eth","active","","","","",0,0,11,0,,,,,,,15,0,0,,
"ssvnetwork","0x1a122753839db019eb2c0684ea6e368d82793513","01node_Validator","","active","","01node_validator","","",0,0,11,30,,,,,,,5,0,0,,
"ssvnetwork","0x2d4b8529c1bdf9948537e00fd0a63307c9de3cb1","","lamapama.eth","active","","","","",4,0,11,0,,,,,,,15,,0,,
"ssvnetwork","0xacf4c2950107ef9b1c37faa1f9a866c8f0da88b9","","james.ismoney.eth","active","","","","",0,0,11,0,,,,,,,15,0,0,,
"ssvnetwork","0xb514e543c158ff89c7c13cfa966d8770a68a1ce1","","","active","","","","",1,0,10,0,,,,,,,13,,0,,
"ssvnetwork","0x13be45d9ade672c0354a5bff501dc5f791002680","Allnodes","","active","","allnodes","","",10000,1,10,0,,,,,,,13,,0,,
"ssvnetwork","0x9b851394c97b9dffd395a505b58e731ed68e619a","Davidott","","active","","mildav76","","",46,0,10,32,,,,,,,4,,0,,
"ssvnetwork","0xb039194a3273a1feea5839755be20f840e9f0535","","ingramzhao.eth","active","","","","",0,0,10,0,,,,,,,13,0,0,,
"ssvnetwork","0x29f2fb85e29465338a765c087e1f74e3d2e4832d","","","active","","","","",0,0,10,0,,,,,,,13,0,0,,
"ssvnetwork","0xb0ba5ceca5a2fac643febc2f9f3ac4a53162f384","","21558.eth","active","","","","",0,0,10,0,,,,,,,13,0,0,,
"ssvnetwork","0xf9868b3960348194371b8ca4fe87ca7de95e40b6","","undergroundrapper.eth","active","","","","",0,0,10,0,,,,,,,13,0,0,,
"ssvnetwork","0x0e551fefbfb64bb53cbff5179f720aefe978279d","king_Steve","","active","","king_steve","1069540438836531241","_king_steve#0",0,0,10,39,13,384,1,12,2,32,0,0,0,5,60
"ssvnetwork","0xb22981ba3fe1de2325935c91a3b717168fb86714","chuygarcia.eth","chuygarcia.eth","active","","chuygarcia","727934296387616848","chuygarcia.eth#0",212,0,9,27,3,132,1,1,1,3,2,,0,11,68
"ssvnetwork","0x29e189a2b6d271d4016d6fadce9346f0a202ea5c","","","active","","","","",4863,0,9,0,,,,,,,12,,0,,
"ssvnetwork","0x30ab6e9898865880e220a381b656333893340cc4","","","active","","","","",0,0,9,0,,,,,,,12,0,0,,
"ssvnetwork","0x4b294417042cc1e6f6ba371a516b57aad4aa0e75","","","active","","","","",0,0,9,0,,,,,,,12,0,0,,
"ssvnetwork","0xf98c7c743c0adc30b5839336fb9558fa052463a3","","yaaay.eth","active","","","","",0,0,9,0,,,,,,,12,0,0,,
"ssvnetwork","0x871d03f7087680bdfe0948e469dc75ab65c46a96","","","active","","","","",0,0,9,0,,,,,,,12,0,0,,
"ssvnetwork","0xae7c585fa26840e58a6d010eaf3dead86ed0357f","","tonyfeng.eth","active","","","","",0,0,9,0,,,,,,,12,0,0,,
"ssvnetwork","0x10249c66f4adf0960df8e43ba379104fb30afc39","","pinguins.eth","active","","","","",0,0,9,0,,,,,,,12,0,0,,
"ssvnetwork","0x674ace830867045c412cd0cb4ceb23fc0dbd6890","","","active","","","","",0,0,9,0,,,,,,,12,0,0,,
"ssvnetwork","0xbb3a3552a7c5ac37e6e05167fe53e9c19624c0c4","","hugod.eth","active","","","","",238,0,9,0,,,,,,,12,,0,,
"ssvnetwork","0x6a4f8e577bb6f3b1aed131c67002c2a64eb0a0fd","","","active","","","","",0,0,9,0,,,,,,,12,0,0,,
"ssvnetwork","0x8a955ed24fcb3cf71d8a5bc828b7dcfdb2c17101","P2P.ORG","","active","","","","",10000,1,8,0,,,,,,,10,,0,,
"ssvnetwork","0xf69a08b652f0cebb685c2ffe043cfb767b66544a","","","active","","","","",0,0,8,0,,,,,,,10,,0,,
"ssvnetwork","0x8c785d2326a9cc22d4bedab089cbe351ae40c3ae","Pelmiche","pelmiche.eth","active","","mickael","","",1971,0,8,0,,,,,,,10,,0,,
"ssvnetwork","0xd6b7d52e15678b9195f12f3a6d6cb79dcdccb690","Kiln","","withdrawn","","kiln","626172568814092288","archifleks#0",10000,1,8,11,2,36,0,1,1,2,6,,0,0,32
"ssvnetwork","0x07c2af75788814ba7e5225b2f5c951ed161cb589","","leishen.eth","active","leifengcrypto","","","",0,0,8,0,,,,,,,10,0,0,,
"ssvnetwork","0x25ca75851ef407868f4020e2ec7fc41cf4ec6b90","","","active","","","","",0,0,8,0,,,,,,,10,0,0,,
"ssvnetwork","0x8c76cf9f4fc59808cc9b47839cc86c3eaacd80a7","","","active","","","","",0,0,8,0,,,,,,,11,0,0,,
"ssvnetwork","0x8768424b84128a6daea7cdec88dd0abeea5ec58d","","","active","","","","",0,0,8,0,,,,,,,11,0,0,,
"ssvnetwork","0x6676ffebc95c0b3c85025d57b9543e11c571db4a","","","active","","","","",0,0,8,0,,,,,,,11,0,0,,
"ssvnetwork","0x30c136becb8b1180612af1300575f6c2d26becfe","","","active","","","","",0,0,8,0,,,,,,,10,0,0,,
"ssvnetwork","0xb67d7ff3bc88122f90588d3876ff72cbed8a7d98","","","active","","","","",0,0,8,0,,,,,,,11,0,0,,
"ssvnetwork","0x6185db2defea5ef5b64cbc93bed38b09d3348c2e","","","active","","","","",0,0,8,0,,,,,,,10,0,0,,
"ssvnetwork","0x13718783fad1162cefe0f047bbfaaf411887705d","","","active","","","","",0,0,8,0,,,,,,,11,0,0,,
"ssvnetwork","0x3639b8b4137fd331d8fb0e8df458800430e048b0","","","active","","","","",0,0,8,0,,,,,,,11,0,0,,
"ssvnetwork","0xe958637f01fc33de1d8156410fd7c37df3698ec2","","","active","","","","",0,0,8,0,,,,,,,11,0,0,,
"ssvnetwork","0xc74108be1f93f63666de5f17eadd540441cfdd6a","","","active","","","","",0,0,8,0,,,,,,,11,0,0,,
"ssvnetwork","0xdec7d23e847ff3abf040f26235d4ed297e014496","","","active","","","","",0,0,8,0,,,,,,,10,0,0,,
"ssvnetwork","0x7c81eb6b790e1600f8f61768ec0ab1ed66252349","","","active","","","","",0,0,8,0,,,,,,,10,0,0,,
"ssvnetwork","0xb85eb2ed6d9d70d66cbea5d76645a62bdce27663","","","active","","","","",0,0,8,0,,,,,,,10,0,0,,
"ssvnetwork","0xdd89c41e9abb7f4e26befeaded9d695445951138","","","active","","","","",0,0,8,0,,,,,,,10,0,0,,
"ssvnetwork","0x13896e20bcdfd99c18a96aee81c9b9891c9b42bb","","","active","","","","",0,0,8,0,,,,,,,11,0,0,,
"ssvnetwork","0xc6eafeec36fb19e34812f19e552289fab2b66710","","","active","","","","",0,0,8,0,,,,,,,11,0,0,,
"ssvnetwork","0x8cc1fe45878bca44235b6feea1b8d801b6859a96","","","active","","","","",0,0,8,0,,,,,,,11,0,0,,
"ssvnetwork","0x468d927d121cc2f13eaf32bac09824411a2f62ac","","","active","","","","",0,0,8,0,,,,,,,11,0,0,,
"ssvnetwork","0x44477a907a9f50cd99b657f1d19cd6498c64924a","","","active","","","","",0,0,8,0,,,,,,,11,0,0,,
"ssvnetwork","0x4e0573044344bd0063ab89a5d6c5a54761514ec5","","","active","","","","",0,0,8,0,,,,,,,11,0,0,,
"ssvnetwork","0xb95ffce0e77ad1e14455c3df4080d2a00ef7b334","","","active","","","","",0,0,8,0,,,,,,,11,0,0,,
"ssvnetwork","0x98cfc04699326b053abb39d154ceccfa7e8bc0fd","","","active","","","","",0,0,8,0,,,,,,,11,0,0,,
"ssvnetwork","0xef1f182c6539fd8dc5d3f54048f34910b0de1481","","","active","","","","",0,0,8,0,,,,,,,11,0,0,,
"ssvnetwork","0x0272c00edd004ef49a1dd3c5d6ccab5d34e01648","","","active","","","","",0,0,8,0,,,,,,,11,0,0,,
"ssvnetwork","0xf11b041434974c00641b79ffcdd496145a77db3c","","","active","","","","",0,0,8,0,,,,,,,11,0,0,,
"ssvnetwork","0x99993aef25da2299b3543436009144a9b6733266","","","active","","","","",0,0,8,0,,,,,,,11,0,0,,
"ssvnetwork","0xa2768ff1446e147a8d97b0218fea7c1b139c827e","","","active","","","","",0,0,8,0,,,,,,,11,0,0,,
"ssvnetwork","0x8ad2a3facfc0563a35cf1b9cf4a6a1b9805c9c2c","","","active","","","","",0,0,8,0,,,,,,,11,0,0,,
"ssvnetwork","0x2698b37a439838fc7999f70385c7e101e74cdff9","","","active","","","","",0,0,8,0,,,,,,,11,0,0,,
"ssvnetwork","0xc60f594d7f549631d999c960ce76bc572be3fe83","","","active","","","","",0,0,8,0,,,,,,,10,0,0,,
"ssvnetwork","0xff71512c84096f55cdf5c5f3d3c6ace99b56fef0","Koga","hasmany.eth","active","","","","",0,0,8,0,,,,,,,11,,0,,
"ssvnetwork","0x617e24fcdf3e283cf374e950918ecb960253ffb2","","smedi.eth","active","","","","",0,0,8,0,,,,,,,10,,0,,
"ssvnetwork","0xb8443312acea226ca4e41bda9a9a3d6f513c8aeb","","","active","","","","",3838,0,8,0,,,,,,,11,,0,,
"ssvnetwork","0x8edb046b1dcaa1222d4779eb814c15f2f358f6b7","","justawhile.eth","active","","","","",700,0,8,0,,,,,,,10,,0,,
"ssvnetwork","0x01e863c402f2e901ba264c3b0b2d6b8606eff2ba","","alcyoneus.eth","active","","","","",0,0,8,0,,,,,,,11,0,0,,
"ssvnetwork","0x728c5dd19d8d5368e52c07851df1cb26fca8d8d8","","","active","","","","",0,0,8,0,,,,,,,10,0,0,,
"ssvnetwork","0x1b64249535155a98ec0f440f4728bb567a520684","","","active","","","","",0,0,8,0,,,,,,,11,0,0,,
"ssvnetwork","0x4b9fe982b41023e70414f8f143c46857d2745374","","","active","","","","",0,0,8,0,,,,,,,11,0,0,,
"ssvnetwork","0xcb940e3bd567039a77c263f10d57eb9c1df321d6","","","active","","","","",0,0,8,0,,,,,,,11,0,0,,
"ssvnetwork","0x833411c45c741c7cf3f9bb0817b5ccc36753d981","","","active","","","","",0,0,8,0,,,,,,,11,0,0,,
"ssvnetwork","0xe6d936d191c62d9f06e362cc663d90d1487d8fb8","","","active","","","","",0,0,8,0,,,,,,,11,0,0,,
"ssvnetwork","0xf98653e3af1a18e31036c5bd39f5fede65edfbf6","","","active","","","","",0,0,8,0,,,,,,,11,0,0,,
"ssvnetwork","0x97e9a9930579db17e72c29edf6c5d6f1c9311276","","","active","","","","",0,0,8,0,,,,,,,11,0,0,,
"ssvnetwork","0xbd480d84e6b2ce07a11a8efbe5756efdc52e614c","","","active","","","","",0,0,8,0,,,,,,,11,0,0,,
"ssvnetwork","0x551ca753c4dd87c381802a222da4ab36fc0c486a","","","active","","","","",0,0,8,0,,,,,,,11,0,0,,
"ssvnetwork","0x656aeaa42a2009aece4281c962456cf4c4f1c192","","","active","","","","",0,0,8,0,,,,,,,11,0,0,,
"ssvnetwork","0x6fd2d4c9f53b12b56471fe716d52364a64fbed62","","","active","","","","",0,0,8,0,,,,,,,11,0,0,,
"ssvnetwork","0xba8d1bc300edc098c19bd03c42681b72e52cb18b","","","active","","","","",0,0,8,0,,,,,,,11,0,0,,
"ssvnetwork","0x1c70d2613c23341dd07ef4cf4198b43872f1a2ac","","","active","","","","",0,0,8,0,,,,,,,11,0,0,,
"ssvnetwork","0xe3dd82fa1d1aca03db40154280e80df52924499b","","","active","","","","",0,0,8,0,,,,,,,11,0,0,,
"ssvnetwork","0x6231a5bde60613df00b2ec211c52108a4e27838f","","","active","","","","",0,0,8,0,,,,,,,11,0,0,,
"ssvnetwork","0x4e881ada6ca252df943e5bdcae7e22110597c6c3","","","active","","abdulbasit","805574874844102658","basit3193#0",95,0,7,13,8,328,0,1,1,3,3,,0,54,88
"ssvnetwork","0x6a3f6d4de1f891e776ac0a1e57d46bbba3b0cada","0xVerglas","verglas.eth","active","","0xverglas","319878138618183682","0x_verglas#0",0,0,7,30,,,,,,,0,0,0,0,25
"ssvnetwork","0x7a9cb2e9c68173a697766941fbd82923aa694168","","ohso.q00t.eth","active","","pipsqueecs","452195929207078912","pipsqueecs#0",12,0,7,30,,,,,,,0,,0,0,25
"ssvnetwork","0xfc60fa9c4444f5d8b5188951f2ec7f338c7af181","Spacesider","","active","","spacesider","718780451954622484","spacesider#0",0,0,7,30,,,,,,,0,,0,0,25
"ssvnetwork","0x77f8259ee13643fc27b7cd88ea57e86050821f52","","noditos.eth","active","","anthonys7","338785101842219010","cal0x#0",0,0,7,30,,,,,,,0,0,0,0,25
"ssvnetwork","0x2f5f939883cb8e06c1f604318638c5ae09e45701","","shadowops.eth","active","","","","",0,0,7,0,,,,,,,9,0,0,,
"ssvnetwork","0x15f04b7d199c91f4981d0395add0070750bb9669","","icarusli.eth","active","","","","",0,0,7,0,,,,,,,9,0,0,,
"ssvnetwork","0x4e37b826c47107ff10dddf4312db075896d2ca7c","","","active","","","","",0,0,7,0,,,,,,,9,0,0,,
"ssvnetwork","0xc0f2fe3cea03e1115513d604ceab6ae4c8a7f33a","","chainops.eth","active","","","","",0,0,7,0,,,,,,,9,0,0,,
"ssvnetwork","0x340798539bada9b832e8231f195294d62ef863fe","","baycfi.eth","active","","","","",0,0,7,0,,,,,,,9,0,0,,
"ssvnetwork","0xdd682eba17b6c6e8debdec2ece989779bd2487b6","","","active","","","","",0,0,7,0,,,,,,,9,,0,,
"ssvnetwork","0xb4649484e2e3c4f1b689f9df327c2248b8203eb4","","winnymie.eth","active","","","","",0,0,7,0,,,,,,,9,0,0,,
"ssvnetwork","0xa3260fab428b449a010dab5c6254b4530de6a25f","","","active","","","","",51,0,7,0,,,,,,,9,,0,,
"ssvnetwork","0x41c92f0709434920e869c3a28e5029f69249690a","","forbole.eth","active","","","","",0,0,7,0,,,,,,,9,0,0,,
"ssvnetwork","0xb726265cda6bd2563a80549ccacca1934bab728e","","webbuilder.eth","active","","","","",0,0,7,0,,,,,,,9,,0,,
"ssvnetwork","0x13c310733656cca271f210661097fee7a6fa2be1","","","active","","","","",1900,0,6,0,,,,,,,8,,0,,
"ssvnetwork","0x2a0b5075e2d0845bd9114e8f3102e7441960a24c","","davidlightman.eth","active","","","","",0,0,6,0,,,,,,,8,0,0,,
"ssvnetwork","0x51e536c59c4a7579d1f6d1b4f84206b3b2bb9f21","","","active","","","","",0,0,6,0,,,,,,,8,0,0,,
"ssvnetwork","0x8463fd6714dae143f9b030a155775ce3fad16a1e","","","active","","","","",0,0,6,0,,,,,,,8,0,0,,
"ssvnetwork","0xa1c7f1124d964abd0932e60813202d2230b4e47f","","","active","","","","",0,0,6,0,,,,,,,8,0,0,,
"ssvnetwork","0x2097c187988c7569721a83c9e855b12919066506","","","active","","","","",0,0,6,0,,,,,,,8,0,0,,
"ssvnetwork","0x2cef68303e40be7bb3b89b93184368fc5fce6653","","","active","","","","",170,0,6,0,,,,,,,8,,0,,
"ssvnetwork","0xf35a49bf5f15ed884f311f830d92c15b320dd7ee","","microtick.eth","inactive","","","","",1,0,6,0,,,,,,,8,,0,,
"ssvnetwork","0xd1e4163b09c77c39b66119cd3b1d79d8c699ae44","Joonkyo Kim | DSRV","","active","","dsrvgov","854633327033057280","rootwarp#0",10000,1,5,0,,,,,,,6,,0,0,25
"ssvnetwork","0x015122a625b45f68e6d795c0ab99fc7107e4c3b9","","gokbelen.eth","active","","","","",34,0,5,0,,,,,,,6,,0,,
"ssvnetwork","0xf02ea45d3f350f5bca63fa13908ac39ae2cc2180","P2P.org","","active","","p2pgov","","",0,0,5,0,,,,,,,7,,0,,
"ssvnetwork","0x3c385cd0ee6fc17f49c4bc900b8652c402704b38","","kenway.eth","active","","","","",1969,0,5,0,,,,,,,6,,0,,
"ssvnetwork","0x09b7f5408d8a389e6bedfa3a6b43b328d6b3249d","","","active","","","","",0,0,5,0,,,,,,,6,,0,,
"ssvnetwork","0x8a3365afdadbe5fb31a0f33f2d61f7465fbd4639","","","active","","","","",316,0,5,0,,,,,,,6,,0,,
"ssvnetwork","0x97e18544e156724e4076945f10c288ecbbc94e54","","","active","","","","",3005,0,5,0,,,,,,,6,,0,,
"ssvnetwork","0xdccf8451070a86183ee70d330c4c43b686e9cf86","","dogestaker.eth","active","","","","",818,0,5,0,,,,,,,7,,0,,
"ssvnetwork","0xe445a235623ad7aabbd02ea01190fe4a4d9327af","","","active","","","","",0,0,5,0,,,,,,,6,0,0,,
"ssvnetwork","0x746806ff971c3b33fe1bd6383efbe05ead8fb183","","","active","","","","",0,0,5,0,,,,,,,6,0,0,,
"ssvnetwork","0x2c27824734bee4891ad7f1ee56a2e79ebf129477","","etown.eth","active","","","","",0,0,5,0,,,,,,,6,0,0,,
"ssvnetwork","0x434e99c77b81b389a215b7f196cf7c969de034e6","","","active","","","","",0,0,5,0,,,,,,,6,0,0,,
"ssvnetwork","0x9c91116d8315e9996096877959cfdac980c23c34","Reus","","active","","","184839961378422784","0xamaury#0",0,0,5,20,,,,,,,0,0,0,0,25
"ssvnetwork","0x305f42c426d65e4cc4318b0126a07383c2d9c8eb","","ssvvoter.eth","active","","","","",8,0,5,20,,,,,,,0,,0,,
"ssvnetwork","0x187d4ac3fc33a03a6945ec962c10c4025ae4937b","","","active","","","","",1,0,5,0,,,,,,,6,,0,,
"ssvnetwork","0x0e58a768fb5cb74d535c738b8289d6c832dc4ace","","","active","","","","",0,0,5,0,,,,,,,6,,0,,
"ssvnetwork","0x1704eec36042e868bfb9bf70658877b1e2243be0","","simplezen.eth","active","","","","",200,0,5,0,,,,,,,6,,0,,
"ssvnetwork","0xc7ee3b9778e6192ec7a1ef984c786e59d2990eab","","","active","","","","",0,0,5,0,,,,,,,6,0,0,,
"ssvnetwork","0xf9bf898bf2f41ade970d9ff718d6027a217c491c","","robvmeel.eth","active","","","","",172,0,5,0,,,,,,,6,,0,,
"ssvnetwork","0x26ff4305d51beaecee885524f43f6f872deea932","","","active","","","","",6,0,5,0,,,,,,,6,,0,,
"ssvnetwork","0x8b8067b022fa574d9754e802bf441c39ae7e6282","","","active","","","","",0,0,5,0,,,,,,,6,0,0,,
"ssvnetwork","0x242c49ed7d519b4cabb734be68cb297cd62af109","","","active","","","","",0,0,4,0,,,,,,,5,,0,,
"ssvnetwork","0x42725a485c4dd073a3c15895c216acb15872abb8","","endpoint.eth","active","","","","",0,0,4,0,,,,,,,5,0,0,,
"ssvnetwork","0xdc5b4c33c28c13efa5733dc0d8ca5a0040c675a1","","","active","","","","",0,0,4,0,,,,,,,5,0,0,,
"ssvnetwork","0x95ed2e550a3a90232ae664312280b908f91c5b07","","","active","","","","",0,0,4,0,,,,,,,5,0,0,,
"ssvnetwork","0xa8f73d6db7330ceeeb49b0b86c09e13234e7c865","","ikuvc.eth","active","xiaopioo9494","","","",0,0,4,0,,,,,,,5,0,0,,
"ssvnetwork","0xb81a0e6c38c3fec8a171cfe9631f60127a0c5bfd","","gnomelabs.eth","active","","","","",0,0,4,0,,,,,,,5,0,0,,
"ssvnetwork","0x2ab6b941a7ac38746feaf1df2c4798b2000465bf","","contraband.eth","active","","","","",0,0,4,0,,,,,,,5,0,0,,
"ssvnetwork","0x5834ba6f4bed6ee6c1ee368bdc25a2b82c16ae9e","","","active","","","","",0,0,4,0,,,,,,,5,0,0,,
"ssvnetwork","0xe82fdf5d62d180702b98ce9816ad43cbef7526b8","","","active","","","","",0,0,4,0,,,,,,,5,0,0,,
"ssvnetwork","0x179f1c3ea53fcd96730aa76d5f28305f8a2a0880","","","active","","","","",0,0,4,0,,,,,,,5,0,0,,
"ssvnetwork","0x1ba3b507dd19449cd81378c57b3b94d9240a8eb6","","","active","","","","",0,0,4,0,,,,,,,5,0,0,,
"ssvnetwork","0x993b35e1bb8b1debdae67e46f88075262f753b6d","","","active","","","","",0,0,4,0,,,,,,,5,0,0,,
"ssvnetwork","0x62b8a202f4667e517ed4bc9894fa406080f19633","","51108.eth","active","","","","",0,0,4,0,,,,,,,5,0,0,,
"ssvnetwork","0xf48dd3c0be2e45eb6c095539967222b42450d2d9","","","active","","","","",0,0,4,0,,,,,,,5,0,0,,
"ssvnetwork","0x51d2a43f85f582958be9085cdf5e4c732dd90bbd","","","active","","","","",0,0,4,0,,,,,,,5,0,0,,
"ssvnetwork","0x547ff07de9ec73624ae1d0cba0ba1423cca628d4","","v1nn1.eth","active","","","","",0,0,4,0,,,,,,,5,0,0,,
"ssvnetwork","0xc4f6e5b9cff0a7878558e6b9653dbefc48338e7b","","","active","","","","",0,0,4,0,,,,,,,5,,0,,
"ssvnetwork","0x94dd1689e589c5ea824c5bb83529f5ef43f68592","","","active","","","","",35702,0,4,0,,,,,,,5,,0,,
"ssvnetwork","0x1a6b6695c53b417d201d2aee62277e15c4fd838d","","kristik.eth","active","","","","",0,0,4,0,,,,,,,5,0,0,,
"ssvnetwork","0x7479648e52b3df79eeb75753d30611c06c6ebfa2","","upwavecapital.eth","active","","","","",0,0,4,0,,,,,,,5,,0,,
"ssvnetwork","0xe48657858413b47c99da2fa025075d5ab0670a24","","cold.hackworth.eth","active","","","","",0,0,4,0,,,,,,,5,,0,,
"ssvnetwork","0x64d5a103c66fa913002df18346fb6ae1322e5d34","","","active","","","","",0,0,4,0,,,,,,,5,,0,,
"ssvnetwork","0xd6475c558a7220770b7b63df40ab4716d30584de","","summersalt.eth","active","","","","",8373,0,4,0,,,,,,,5,,0,,
"ssvnetwork","0xac845052f697734e93adce1158e6ef67b3c1f06a","","","active","","","","",2,0,4,0,,,,,,,5,,0,,
"ssvnetwork","0x4e9ecdcdbd79ffdceb70263c1a934cb92b012eb2","","","active","","","","",0,0,4,0,,,,,,,5,,0,,
"ssvnetwork","0xede1fc4dca17cd9c9852f3dcdef09d08867e00fd","","","active","","","","",34,0,4,0,,,,,,,5,,0,,
"ssvnetwork","0xefd6777e2fd6a65a245156bdb81d0139fbba3cd8","","reblock.eth","active","","","","",0,0,3,0,,,,,,,4,,0,,
"ssvnetwork","0x499bc55749168ab5def22882e09cccd34cbb16a0","","","active","","","","",0,0,3,0,,,,,,,4,,0,,
"ssvnetwork","0x50ed348f85de0772a61ff63bbe33df8db30de1b2","","chrisrey7619.eth","active","","","","",0,0,3,0,,,,,,,4,0,0,,
"ssvnetwork","0x0881d24a07ef84851dcb513cbdcd2384dc9c5b7a","","","active","","","","",0,0,3,0,,,,,,,4,,0,,
"ssvnetwork","0x62b9f3f2b1e6139481e67ba804b6acc69ea607a9","","","active","","","","",0,0,3,0,,,,,,,4,,0,,
"ssvnetwork","0x78d71193a507287365b968dbf7d3bc6c49d7eb0b","","","active","","","","",0,0,3,0,,,,,,,4,0,0,,
"ssvnetwork","0x9dcbd4ef4886db706bc442f2d6f9afa5175feb63","","ssvnetworkprotocol.eth","active","","","","",0,0,3,0,,,,,,,4,0,0,,
"ssvnetwork","0x8a4bda38e3b7d86f9c4a450eadc37595b0a50dd2","","","active","","","","",0,0,3,0,,,,,,,4,0,0,,
"ssvnetwork","0xb694c01ae7573c4c1fbae8e9e31480a90f1d51bb","","","active","","","","",0,0,3,0,,,,,,,4,0,0,,
"ssvnetwork","0x5f14cbcbcd435f17ca80db6a3ac4b1c5d558cde9","","","active","","","","",0,0,3,0,,,,,,,4,0,0,,
"ssvnetwork","0x11e3b4cd7aa51e41b088c94cd7da6c70a6ef9fe4","","","active","","","","",0,0,3,0,,,,,,,4,0,0,,
"ssvnetwork","0x0dc2e4b0533320c3454f56e15564bea1dd358e5a","","","active","","","","",0,0,3,0,,,,,,,4,0,0,,
"ssvnetwork","0xa1118d2663d83857e858f12a9ce29d8faa2ef62f","","a3eth.eth","active","","","","",0,0,3,0,,,,,,,4,0,0,,
"ssvnetwork","0x6e93ebc8302890ff1d1befd779d1db131ef30d4d","","","active","","","","",0,0,3,0,,,,,,,4,0,0,,
"ssvnetwork","0x3b909ffcba6232038ff492ffb01f3f010a566d50","","","active","","","","",0,0,3,0,,,,,,,4,0,0,,
"ssvnetwork","0x9947a1c54cd439037f169c9ee165af3b9c184752","","landa.eth","active","","","","",1,0,3,0,,,,,,,4,,0,,
"ssvnetwork","0x6f9dd32f373634c51ccc959a48f80deee40980a0","","","active","","","","",918,0,2,0,,,,,,,2,,0,,
"ssvnetwork","0xc170f74bc20617e8c6ace83fb937a559746d1772","","","active","","","","",0,0,2,0,,,,,,,2,,0,,
"ssvnetwork","0x6be2847680f0693ed35eae1c428a057e3e679975","","","active","","","","",0,0,2,0,,,,,,,2,,0,,
"ssvnetwork","0x4209925b439e4de3c2f0c79eb3a5068b39b1397f","","","active","","","","",0,0,2,0,,,,,,,2,,0,,
"ssvnetwork","0xe4b6756d625c037e2f127d8149252190726bf793","","","active","","","","",0,0,2,0,,,,,,,2,,0,,
"ssvnetwork","0x9c6882667d819f1a7f4599409432f64ac2e6634f","","","active","","","","",0,0,2,0,,,,,,,2,,0,,
"ssvnetwork","0xc8943a16bcadc15432dc47bde30a7c173e7129db","","","active","","","","",0,0,2,0,,,,,,,2,,0,,
"ssvnetwork","0x37ffbef4e1c0931b0ce34d98938cb76435aafb25","","kingvip.eth","active","","","","",0,0,2,0,,,,,,,2,,0,,
"ssvnetwork","0x21963dad120d5b70443096468009b33815ee3dfa","","kemurj.eth","active","","","","",0,0,2,0,,,,,,,2,,0,,
"ssvnetwork","0x3feb882fbe47dc2750c51e187cb3502357758342","","momozaza.eth","active","","","","",55726,0,2,0,,,,,,,2,,0,,
"ssvnetwork","0xf6f91914a4980717956db2147ec974e3b0076833","","","active","","","","",0,0,2,0,,,,,,,2,,0,,
"ssvnetwork","0x059992ee35e9a6eea744ad143552f6a0bb0eae11","","","active","","","","",167,0,2,0,,,,,,,3,,0,,
"ssvnetwork","0x6cdf18adaf66e885d40c4a7f0638d75a5122a143","","","active","","","","",706346,1,2,0,,,,,,,2,,0,,
"ssvnetwork","0x298f8b77639ddaaa5a21cdea9d4062e78033f2e7","","","active","","","","",259,0,2,0,,,,,,,2,,0,,
"ssvnetwork","0x35a4f2b135e3c1b49f16e3c8d6accdccaa98b6c6","","","active","","","","",454,0,2,0,,,,,,,3,,0,,
"ssvnetwork","0x2ac19bd6af2fbb124ae68c6ed1ef2893fcd60c3b","","","active","","","","",0,0,2,0,,,,,,,3,,0,,
"ssvnetwork","0x3aeff3f754770337c6ca92dbc3de0f59a018c316","","","active","","","","",4424,0,2,0,,,,,,,2,,0,,
"ssvnetwork","0x18c674f655594f15c490aeeac737895b7903e37f","","","active","","","","",175,0,2,0,,,,,,,2,,0,,
"ssvnetwork","0xd1208cc82765aa4dc696117d26f37388b6dcb6d5","","","active","","","","",1091,0,2,0,,,,,,,2,,0,,
"ssvnetwork","0x489a727c5722d0d0cf654d169f87de1bb5743a87","","","active","","","","",0,0,2,0,,,,,,,3,,0,,
"ssvnetwork","0xaf5914c4eea9a5772e9a5326929fad7999fcef77","","sixwood.eth","active","","","","",250,0,2,0,,,,,,,2,,0,,
"ssvnetwork","0xa48c07aece0cfe98192702fb5ea582e719906430","","[9a4c8534d23d853a4c9c32a56df1f0c9954094fdc37b4b129a90b70fe45b4393].com","active","","","","",16,0,2,0,,,,,,,2,,0,,
"ssvnetwork","0x752d4316dd0e5fbcdd856e259ead33fa767fc80c","","","active","","","","",11875,0,2,0,,,,,,,3,,0,,
"ssvnetwork","0x6c8ce3ccb7711fcb8a1813277de063db9e61a074","","","active","","","","",0,0,2,0,,,,,,,2,0,0,,
"ssvnetwork","0xe4754546e5b0293f370b92f74c5677681adb1831","","","active","","","","",0,0,2,0,,,,,,,2,0,0,,
"ssvnetwork","0x2ec1100ed8c265f4341f445d2f50535ac2fada7d","","hardy-jia.eth","active","","","","",0,0,2,0,,,,,,,2,0,0,,
"ssvnetwork","0x19b3537851e4da81e17f0c390054f24f28b2d75e","","fysuny.eth","active","","","","",0,0,2,0,,,,,,,2,0,0,,
"ssvnetwork","0xfc2684ea3e740d9f068e02dc51aa8ca334b01146","","","active","","","","",0,0,2,0,,,,,,,2,0,0,,
"ssvnetwork","0xd027faab6745727d31f56f28397a5bdaf07ea997","","","active","","","","",0,0,2,0,,,,,,,2,0,0,,
"ssvnetwork","0x96b289aa02d0bb8137249fb0c73235fe1364e6b1","","4friendscapital.eth","active","","","","",0,0,2,0,,,,,,,2,,0,,
"ssvnetwork","0x001be549fa377710b9e59d57bbdf593ce1e379ca","","iesua.eth","active","","","","",0,0,2,0,,,,,,,2,0,0,,
"ssvnetwork","0x436c3b635ca72bedd7757f3bbbebacadf0a7a20f","","0xerrp.eth","active","","","","",0,0,2,0,,,,,,,2,0,0,,
"ssvnetwork","0xc540eb6c7b3e44ef8a45db3ad8618404baed88f6","Darwin","","active","","","","",0,0,2,0,,,,,,,3,0,0,,
"ssvnetwork","0x488ca58d22792e289456c156008da40eeb295f81","","","active","","","","",0,0,2,0,,,,,,,2,0,0,,
"ssvnetwork","0xe982d58b3092ca7fa2732e90548f29e6ee2a3a11","","","active","","","","",0,0,2,0,,,,,,,2,0,0,,
"ssvnetwork","0xdc305008fc9a012252fad85e2d5ba8603625cb1b","","rporn.eth","active","","","","",0,0,2,0,,,,,,,2,0,0,,
"ssvnetwork","0xa29705a804e4b4114c973c9498045f256e344584","","","active","","","","",0,0,2,0,,,,,,,2,0,0,,
"ssvnetwork","0xef98bf64596c79b068f0d44e9bbf1e5aff374cd8","","tanariel.eth","active","","","","",7,0,2,0,,,,,,,2,,0,,
"ssvnetwork","0xc7fb2f77a36ef1ed2b1bf34c999e349c0e6b4d42","","martinkloss.eth","active","","","","",201,0,2,0,,,,,,,2,,0,,
"ssvnetwork","0xabf1adf95aa7ed243672cefc194e8411779300df","","","active","","","","",119,0,2,0,,,,,,,2,,0,,
"ssvnetwork","0x57d59fd7206239d181a0d1001e12736936b1b8be","","","active","","","","",0,0,2,0,,,,,,,2,,0,,
"ssvnetwork","0xa0879be36b13f63c92e12448a1a9e8fe32ff8971","","","active","","","","",0,0,2,0,,,,,,,3,0,0,,
"ssvnetwork","0x68a511d3ca7850e5274f55301155cd80929ebd78","","","active","","","","",0,0,2,0,,,,,,,2,0,0,,
"ssvnetwork","0xbcd05a10235252d20e686194b1063e98d7474611","","","active","","","","",0,0,2,0,,,,,,,2,0,0,,
"ssvnetwork","0x6edaab77a78028769aa0001b1df7cce9a5cb5173","","","active","","","","",0,0,2,0,,,,,,,3,0,0,,
"ssvnetwork","0x1cbcc0151fb1e3caea5e1ad22964d2ad5a250a35","","","active","","","","",0,0,2,0,,,,,,,3,0,0,,
"ssvnetwork","0xdeeb5c43dd9b8d1ba200b534f6ebdfc7635235ea","","89310.eth","active","","","","",0,0,2,0,,,,,,,2,0,0,,
"ssvnetwork","0xe4e838b5aef62ffd76e0c7f73043a3c9cea29a8a","","","active","","","","",0,0,2,0,,,,,,,2,0,0,,
"ssvnetwork","0x8d7ee51ec16a0f95c7f241582de8cffb9a4c2293","","web3rpc.eth","active","","","","",0,0,2,0,,,,,,,2,0,0,,
"ssvnetwork","0xd5a73201c22cf18fcc85c42496ee48eaf62b94fc","","leadcapital.eth","active","","","","",0,0,2,0,,,,,,,3,0,0,,
"ssvnetwork","0x6d0a364fbc8fbcf8991de5d63109fa66bdc20e98","","fishgo.eth","active","","","","",0,0,2,0,,,,,,,2,0,0,,
"ssvnetwork","0xc5e2085986fc6c18dc79e48f887440c7297bae0c","","ucodia.eth","active","","","","",0,0,2,0,,,,,,,2,0,0,,
"ssvnetwork","0x0a1d4e774beefbe600502d9daa21c6afa52b987a","","","active","","","","",0,0,2,0,,,,,,,2,0,0,,
"ssvnetwork","0x2e614cfb16cea25bed9f07fcefcce7dfc73cd39f","","","active","","","","",0,0,2,0,,,,,,,2,0,0,,
"ssvnetwork","0x951fb9620d1ad43dba4d9ca627333ba2112d9665","","","active","","","","",0,0,2,0,,,,,,,2,0,0,,
"ssvnetwork","0x0ac51e75c52c73f0dec48dd67a52ca7b113d9a9e","","","active","","","","",0,0,2,0,,,,,,,2,0,0,,
"ssvnetwork","0x66e59248fb028b80aaead339e1c4be8266acde62","","","active","","","","",0,0,2,0,,,,,,,2,0,0,,
"ssvnetwork","0x44ca02d6e80a44dc3b2be8b09f88309f74c42f9b","","desp1te.eth","active","","","","",0,0,2,0,,,,,,,2,0,0,,
"ssvnetwork","0x710afef4052c2820059d13eb7ddc14700931cfe1","","boater.eth","active","","","","",0,0,2,0,,,,,,,2,0,0,,
"ssvnetwork","0x3a7f02dc12be1cd5b8a3b10211e0c5dfd2fe8b28","","","active","","","","",0,0,2,0,,,,,,,2,0,0,,
"ssvnetwork","0xef23a972f04fc4c3e205d8869809353b2c42c3e7","","","active","","","","",0,0,2,0,,,,,,,3,0,0,,
"ssvnetwork","0xb2c27cca7aeb5d925366a010bc35e88fbdff51a3","","","active","","","","",0,0,2,0,,,,,,,2,0,0,,
"ssvnetwork","0xdd405aff61c66f96c7cfca34321faa7609ed6fa5","","","active","","","","",0,0,2,0,,,,,,,3,0,0,,
"ssvnetwork","0xd81aa18c2353b30041f9859b4924502a1dbb9cad","","","active","","","","",0,0,2,0,,,,,,,2,0,0,,
"ssvnetwork","0x3d2b2b01d24b7b6d64c7c54635b8b5845c5a6f43","","","active","","","","",0,0,2,0,,,,,,,3,0,0,,
"ssvnetwork","0x7d383c92b8eae732807ab57f1816fa3acf8b57b6","","","active","","","","",0,0,2,0,,,,,,,3,0,0,,
"ssvnetwork","0x6b13fd18feef65c43f06271d49d1ee823de53aa9","","goyoo.eth","active","","","","",5462,0,2,0,,,,,,,2,,0,,
"ssvnetwork","0x068c957d73a6ac71919718218ccf875983d2cc3b","","","active","","","","",0,0,2,0,,,,,,,2,0,0,,
"ssvnetwork","0x1b47539ad5ae28d095c9521f8ff8a66a17f184ab","AlexToster","","active","","","","",0,0,2,0,,,,,,,2,0,0,,
"ssvnetwork","0xc29a489b7a9e076113a9e8bcf8f7efbd0a321379","","","active","","","","",0,0,2,0,,,,,,,2,0,0,,
"ssvnetwork","0x52af1571d431842cc16073021baf700aeaaa8146","","","active","","","","",0,0,2,0,,,,,,,2,0,0,,
"ssvnetwork","0x977aa7c999cf730a97ab22e2ed8637370994fd99","","","active","","","","",0,0,2,0,,,,,,,3,0,0,,
"ssvnetwork","0x60c6e78b45cb15b1ca063ae06bac4dd45a9ca65a","","","active","","","","",0,0,2,0,,,,,,,2,0,0,,
"ssvnetwork","0xe72a34aff3ebf66c321ab96438e232526c648531","","spectrumstaking.eth","active","","","","",0,0,2,0,,,,,,,3,0,0,,
"ssvnetwork","0xac3740e05cddfe3e501963d99f98da71ec3bbbf5","","itsokay.eth","active","","","","",0,0,2,0,,,,,,,3,0,0,,
"ssvnetwork","0x04a8c06ac6d06f25c657fe61106a485d2583be71","","defenselink.eth","active","TomPoon17","","","",0,0,2,0,,,,,,,3,0,0,,
"ssvnetwork","0xbe7707f55cb8090e36fa9f8c6da43ebfda39c24e","","","active","","","","",0,0,2,0,,,,,,,3,0,0,,
"ssvnetwork","0x6c1655786ffff1de7464740a3abc217a798ffc97","","","active","","","","",0,0,2,0,,,,,,,3,0,0,,
"ssvnetwork","0x5fcfeda98cf8fa22808e37fc49a89ed501ff41f7","","","active","","","","",0,0,2,0,,,,,,,3,0,0,,
"ssvnetwork","0xc564ec80337d0eac846599f3cad33cb6c21e5c1a","","","active","","","","",0,0,2,0,,,,,,,2,0,0,,
"ssvnetwork","0xe9fbffc2590a20ea2a25fcf8ea4cb8ab245f9aee","","","active","","","","",0,0,2,0,,,,,,,3,0,0,,
"ssvnetwork","0xaecd92aec5bfbe2f5a02db2dee90733897360983","","","active","","","","",3425,0,2,0,,,,,,,3,,0,,
"ssvnetwork","0x6b5f5497dd1faffc62faf6dcfc0e7f616058de0b","","","active","","","","",1259,0,2,0,,,,,,,2,,0,,
"ssvnetwork","0xd4cad48263d376de582a6025068975a43da9d269","","","active","","","","",173,0,2,0,,,,,,,2,,0,,
"ssvnetwork","0x0d9f37c75f7df825a7f02bd39df333485853f4a9","","","active","","","","",0,0,2,0,,,,,,,3,0,0,,
"ssvnetwork","0x9f4cb876b4eeaa768c25e60b044d81d84644ad97","","","active","","","","",0,0,2,0,,,,,,,3,0,0,,
"ssvnetwork","0x68bdeff9aca67da30ad7e78feacb3685a5c0863f","","wildhare1979.eth","active","","","","",0,0,2,0,,,,,,,3,0,0,,
"ssvnetwork","0x70852c04427a1c91c86d3011b7bd700836382bfe","","manotalking.eth","active","","","","",1,0,2,0,,,,,,,3,,0,,
"ssvnetwork","0xae125b8c7b038b36167deacada1f0abf4a9a8f01","","","active","","","","",4,0,2,0,,,,,,,2,,0,,
"ssvnetwork","0xcb4b47a00285d7adee94faab507c034cf507e159","","","active","","","","",0,0,2,0,,,,,,,3,0,0,,
"ssvnetwork","0xf14c9dbdb31b0a18af44fcf97ed12b0abfe1b92e","","","active","","","","",0,0,2,0,,,,,,,2,0,0,,
"ssvnetwork","0x27f6db188ec4bb1b9f625db7a7fe5274fdc892bd","","","active","","","","",0,0,2,0,,,,,,,2,0,0,,
"ssvnetwork","0xffdd68e102ecc77f13b947e1f537794394645dd0","","","active","","","","",3,0,2,0,,,,,,,2,,0,,
"ssvnetwork","0x9795444802aee55cef0f73458c1c335e78310be5","","","active","","","","",67,0,2,0,,,,,,,2,,0,,
"ssvnetwork","0x3bd3816350eb15fef1149813e5a54778e3cc7194","","","active","","","","",0,0,2,0,,,,,,,2,0,0,,
"ssvnetwork","0xc40b73d7969c3543ff6fb00bf6cba9382f88c5ac","","","active","","","","",2104,0,2,0,,,,,,,3,,0,,
"ssvnetwork","0x9b2d6e2d5ef25c0454abaa392fcd9796e05567c9","","globallager.eth","active","","","","",19,0,2,0,,,,,,,2,,0,,
"ssvnetwork","0x697302628be3dd222da2c817b405c561ac25fdea","","","active","","","","",0,0,2,0,,,,,,,2,0,0,,
"ssvnetwork","0x10da778e1fbc226c8ef2aeb48256539e4117f928","","","active","","","","",0,0,2,0,,,,,,,3,0,0,,
"ssvnetwork","0xe74896b25df2bfd495e46e672c502cb8f78f396d","","","active","","","","",308,0,1,0,,,,,,,1,,0,,
"ssvnetwork","0xab7cad2e95e12c1d5ccc99fe35de44b94816618d","","","active","","","","",12355,0,1,0,,,,,,,1,,0,,
"ssvnetwork","0xce08cec969e450c487971e89af03e276397214d9","","","active","","","","",5000,0,1,0,,,,,,,1,,0,,
"ssvnetwork","0x4c6d5ebf619725db1ecf117377cc97bf7c831b37","","","active","","","","",1571,0,1,0,,,,,,,1,,0,,
"ssvnetwork","0x4a0884079ac2b0a71c93ad0f81e766e2b94faacd","","ifapowa.eth","active","","","","",60,0,1,0,,,,,,,1,,0,,
"ssvnetwork","0x219160fa423a3da3aeb12d2d6758031c9da50eed","","cold.jrh3k5.eth","active","","","","",16,0,1,0,,,,,,,1,,0,,
"ssvnetwork","0xddef773cea04d781f90984c05b827e7d43d6f50e","","","active","","","","",0,0,1,0,,,,,,,1,,0,,
"ssvnetwork","0x3b7ca84ed49dee120cbff6dbb6ae537478517842","","","active","","","","",0,0,1,0,,,,,,,1,,0,,
"ssvnetwork","0xd9ae33ba589f3c3fb83bb097ee030526eb2eb522","","","active","","","","",0,0,1,0,,,,,,,1,,0,,
"ssvnetwork","0x3e29bf7b650b8910f3b4ddda5b146e8716c683a6","","nodedao.eth","active","","","","",0,0,1,0,,,,,,,1,,0,,
"ssvnetwork","0xbd81915b1382e5f1002506257421e6670c4c105a","","","active","","","","",0,0,1,0,,,,,,,1,,0,,
"ssvnetwork","0x3ae365add35d08c6cc9861949714af9b3962a0d9","","","active","","","","",46,0,1,0,,,,,,,1,,0,,
"ssvnetwork","0x5379b2248bee3b8b2bc8faa195c82229c9d4da38","","","active","","","","",672,0,1,0,,,,,,,1,,0,,
"ssvnetwork","0x079c1891bb814d8cd9c115dde864a2da96638f41","","","active","","","","",1328,0,1,0,,,,,,,1,,0,,
"ssvnetwork","0x0e6c217c47cb22e43ab88a0e9e46bebcb5707d05","","","active","","","","",50,0,1,0,,,,,,,1,,0,,
"ssvnetwork","0xe3b7ecfc45aa989546277d7c18c8ed15d23bd056","","","active","","","","",0,0,1,0,,,,,,,1,,0,,
"ssvnetwork","0x4f7757594d422e294dd444837a88bf22015a01f6","","","active","","","","",0,0,1,0,,,,,,,1,,0,,
"ssvnetwork","0x6de40dbada8ef288af7441c18efdb3d432591312","","","active","","","","",0,0,1,0,,,,,,,1,,0,,
"ssvnetwork","0xdd9084b11ac81e7c1f43c0448e91c1b02b0e7225","","","active","","","","",0,0,1,0,,,,,,,1,,0,,
"ssvnetwork","0x7b3f3137ac9e09bc5ff134ef70eed2d0d938a0d1","","olympusxbt.eth","active","","","","",0,0,1,0,,,,,,,1,,0,,
"ssvnetwork","0x70e0be9235dcc0c894483e82b96cd1428a3326a7","","","active","","","","",0,0,1,0,,,,,,,1,,0,,
"ssvnetwork","0x00000ddd0ae9b90def573c2c3aea88493cadfa22","","","active","","","","",0,0,1,0,,,,,,,1,,0,,
"ssvnetwork","0x0000009604125f834baf33c8fc6453fe69b56e3e","","","active","","","","",0,0,1,0,,,,,,,1,,0,,
"ssvnetwork","0x5c0bb0160b6c7ed70bf5a1cff315dfb7d42afc0a","","","active","","","","",0,0,1,0,,,,,,,1,,0,,
"ssvnetwork","0x90ac4042dc49182f5f17bebd3c2dd1807160ff97","","","active","","","","",0,0,1,0,,,,,,,1,,0,,
"ssvnetwork","0x57672de803ee075924a61caf36e66d4f05d9ec6a","","","active","","","","",0,0,1,0,,,,,,,1,,0,,
"ssvnetwork","0x8eeb5c5433e49877710efe905892eefc7567db9c","","","active","","","","",0,0,1,0,,,,,,,1,,0,,
"ssvnetwork","0x69b6f4b04761458849c32afc343239d7930749ac","","","active","","","","",0,0,1,0,,,,,,,1,,0,,
"ssvnetwork","0xa513f5b042e856dc7bbb70acad8f64f2f689cc36","","","active","","","","",0,0,1,0,,,,,,,1,,0,,
"ssvnetwork","0x735194b0ff3d9fca8561770ebf484eac90b46647","","","active","","","","",40,0,1,0,,,,,,,1,,0,,
"ssvnetwork","0x4f1ab16b9b2a5030f77845a9be53ec6426adad7f","","","active","","","","",0,0,1,0,,,,,,,1,,0,,
"ssvnetwork","0x07a1f6fc89223c5ebd4e4ddae89ac97629856a0f","","tino.eth","active","","","","",0,0,1,0,,,,,,,1,,0,,
"ssvnetwork","0x4fc210d10d6df234a887ae764fe6ae9efae3cce7","","","active","","","","",380,0,1,0,,,,,,,1,,0,,
"ssvnetwork","0x96e4e2ebbeff1f45bfb678695628fa7a0398de1c","","antotg.eth","active","","","","",63,0,1,0,,,,,,,1,,0,,
"ssvnetwork","0x04a8f552e6d13fd00def492d243198e841a8f107","","","active","","","","",0,0,1,0,,,,,,,1,,0,,
"ssvnetwork","0x49108c861f415d062109ea68a45562d18b86d7f2","","","active","","","","",0,0,1,0,,,,,,,1,,0,,
"ssvnetwork","0xa5f2bb69633825c51aaab6337c7b5c61818fead2","","","active","","","","",0,0,1,0,,,,,,,1,,0,,
"ssvnetwork","0x427f67ee103021de45f4b38a3119b41e96e4e6f2","","tumble23.argent.xyz","active","","","","",0,0,1,0,,,,,,,1,,0,,
"ssvnetwork","0x342a3914c4032d0f8acc64f32cc7ea04933decdc","","","active","","","","",15,0,1,0,,,,,,,1,,0,,
"ssvnetwork","0xadc2909750ce8a1b893b806c7ad1531e0b898f34","","","active","","","","",789,0,1,0,,,,,,,1,,0,,
"ssvnetwork","0xad526465162cfd9a62c2fdbd28a7064979a5dbde","","","active","","","","",0,0,1,0,,,,,,,1,,0,,
"ssvnetwork","0x9264c86fc34d40157344617ad62f9c21528ee19b","","","active","","","","",0,0,1,0,,,,,,,1,0,0,,
"ssvnetwork","0x688343d65224449f94603ed405d12e46595ef0b6","","","active","","","","",139,0,1,0,,,,,,,1,,0,,
"ssvnetwork","0x382f6ff5b9a29fcf1dd2bf8b86c3234dc7ed2df6","0x382f6ff5b9a29fcf1dd2bf8b86c3234dc7ed2df6","","active","","","1070971216573239296","blockside#0",0,0,1,0,,,,,,,0,0,0,0,25
"ssvnetwork","0x61ad82d4466437d4cc250a0ceffbcbd7e07b8f96","","","active","","","","",0,0,1,0,,,,,,,1,0,0,,
"ssvnetwork","0x799d72a921fe14a4589fcb539731f8b198d55944","","","active","","","","",0,0,1,0,,,,,,,1,0,0,,
"ssvnetwork","0x123f89b6792af53e81b8657ddce1c31fc9f28fcc","","","active","","","","",0,0,1,0,,,,,,,1,0,0,,
"ssvnetwork","0x96e22161e113549339b1566888ced444179f8c91","","fengfeng.eth","active","","","","",0,0,1,0,,,,,,,1,,0,,
"ssvnetwork","0x8d9a32ae8c1ce4ad46ce1898fb873b471cd5c985","Amoxid","","active","","","208290894040793089","amoxid#0",0,0,1,0,,,,,,,0,0,0,5,60
"ssvnetwork","0xae0c4291a9b0e67116e3ec2fbf8e039866388feb","","jackyt.eth","active","","","","",0,0,1,0,,,,,,,1,0,0,,
"ssvnetwork","0xeb53a2784fa47fd80e50b384bcde9006c6fc49d2","","","active","","","","",0,0,1,0,,,,,,,1,0,0,,
"ssvnetwork","0xe7e05692ee35a3902eb817e0417c00f61f341295","","","active","","","","",0,0,1,0,,,,,,,1,0,0,,
"ssvnetwork","0x835359136938c06cdbb0e645f5679428a3c9cbc9","","","active","","","","",0,0,1,0,,,,,,,1,,0,,
"ssvnetwork","0x8c7704eab89beff49e4f550a70fe5b9d98a9ec16","","7bing.eth","active","","","","",0,0,1,0,,,,,,,1,0,0,,
"ssvnetwork","0xb9ef64450bf8abe009e7eceba6cfef3160f48070","","cocoabean.eth","active","","","","",0,0,1,0,,,,,,,1,0,0,,
"ssvnetwork","0x9179cf75f37ceb03bc7ebd2ad0660933308a8cb4","","normad.eth","active","","","","",0,0,1,0,,,,,,,1,0,0,,
"ssvnetwork","0x8b6e3e6e1a0fc6bcb29e2bbe986fb09cb2302297","","","active","","","","",0,0,1,0,,,,,,,1,0,0,,
"ssvnetwork","0xd50d5c19ad6d57b9f3a5490b5d9769e90b521e3b","","","active","","","","",101,0,1,0,,,,,,,1,,0,,
"ssvnetwork","0x9ee1ee2b44e97c4cac1ba2e6d24228c9f42fefe3","","","active","","","","",0,0,1,0,,,,,,,1,0,0,,
"ssvnetwork","0x19793d9e1ce4662c90026105007af371bc46f510","","","active","","","","",0,0,1,0,,,,,,,1,0,0,,
"ssvnetwork","0x26da4f747dd974f873be9422918faf1c3c0049d6","","","active","","","","",10,0,1,0,,,,,,,1,,0,,
"ssvnetwork","0xeb2693537f1306f5a3820bd98a1a4580c60aa410","","","active","","","","",0,0,1,0,,,,,,,1,0,0,,
"ssvnetwork","0x00000029ff545c86524ade7caf132527707948c4","","binance.umbra.eth","active","","","","",0,0,1,0,,,,,,,1,0,0,,
"ssvnetwork","0x555b5c5ca817ebf7325e62d38c73c2bd3d988e3c","","","active","","","","",0,0,1,0,,,,,,,1,0,0,,
"ssvnetwork","0x477f34514a5785ad3b56dbe6f4737a9218b53019","","","active","","","","",0,0,1,0,,,,,,,1,0,0,,
"ssvnetwork","0x150f2c2d199a54aac8dbb9959c99eed50bdc4ea1","","","active","","","","",0,0,1,0,,,,,,,1,0,0,,
"ssvnetwork","0xf398c8a66b1f96d6ccb7c39a57f0b32f0104d18a","","cholee.eth","active","","","","",0,0,1,0,,,,,,,1,0,0,,
"ssvnetwork","0x3ba87d935156b468bb2579a290c51a237ae6bfcf","","","active","","","","",0,0,1,0,,,,,,,1,0,0,,
"ssvnetwork","0xaf7a60bea989bdf5b1e8487e61b905294c96c502","","0xcryptomando.eth","active","","","","",0,0,1,0,,,,,,,1,0,0,,
"ssvnetwork","0x80fcfdd18c0b83a1827f5964d4d1b214db16adc5","","[42945b2cd9dc9dcbb89e3d16c39fc67b70fd51ef4c8fd17fa06b8f6283f1a90a].sismo.eth","active","","","","",0,0,1,0,,,,,,,1,0,0,,
"ssvnetwork","0xc03c9d2e6eea2c5536e02e96a6fe92ef6fac816b","","teddytan.eth","active","","","","",0,0,1,0,,,,,,,1,0,0,,
"ssvnetwork","0x821de7d05e7d4343b9d67abbd7f1673add081151","","","active","","","","",0,0,1,0,,,,,,,1,0,0,,
"ssvnetwork","0x58c81082c04b7863449b218b2aedc38d28ee1a7e","","","active","","","","",0,0,1,0,,,,,,,1,0,0,,
"ssvnetwork","0xee79df38f62d4c1390fed9f690a40262412bad5f","","otbit.eth","active","","","","",0,0,1,0,,,,,,,1,0,0,,
"ssvnetwork","0x620e4e2f2573c8d10db9b16c7e8ca12742c010f7","","rss3web3.eth","active","","","","",0,0,1,0,,,,,,,1,0,0,,
"ssvnetwork","0x201a089de2bfd27066cba34bf9dd780665e39c72","","liusdong.eth","active","","","","",0,0,1,0,,,,,,,1,0,0,,
"ssvnetwork","0x2ecaf17703410f1c4d775b042062d5490a6a3de0","","","active","","","","",0,0,1,0,,,,,,,1,0,0,,
"ssvnetwork","0xbf49d4ffb8eeb1f30a27c8c032bd6c53a29f84a4","","","active","","","","",0,0,1,0,,,,,,,1,0,0,,
"ssvnetwork","0x0ac10e4d2e771012cdf37361de7c374685737641","","","active","","","","",0,0,1,0,,,,,,,1,0,0,,
"ssvnetwork","0x2aae25d89500d436e4d37f3bc20333d87db46d21","","我是你永远得不到的男人.eth","active","","","","",0,0,1,0,,,,,,,1,0,0,,
"ssvnetwork","0x5d839bf8a893cd2f6d1be94dc2f8e5a196666666","","","active","","","","",0,0,1,0,,,,,,,1,0,0,,
"ssvnetwork","0x6455b2be039a16fb9e94e031da48c6f45d0c5364","","","active","","","","",0,0,1,0,,,,,,,1,0,0,,
"ssvnetwork","0xaf533d5a3eaa9a48f5c2216a13d486c7e6e87cc2","","","active","","","","",0,0,1,0,,,,,,,1,0,0,,
"ssvnetwork","0xc5de5c90960f52ad8bc8e62fe155e7d5014f7588","","ethstak3r.eth","active","","","","",0,0,1,0,,,,,,,1,0,0,,
"ssvnetwork","0xf1c5365755935580066b507e9fa15a3c0d03fe77","","","active","","","","",0,0,1,0,,,,,,,1,0,0,,
"ssvnetwork","0x0b6720f16ecd409684605b05542ff91b1dfd7d54","","","active","","","","",0,0,1,0,,,,,,,1,0,0,,
"ssvnetwork","0xa8f7f6de66e91b6edaa0cd417c97cfc06ff6dd3b","","","active","","","","",0,0,1,0,,,,,,,1,0,0,,
"ssvnetwork","0x55d57319a95a03d959ed4da562bffc8321861ec7","","","active","","","","",0,0,1,0,,,,,,,1,0,0,,
"ssvnetwork","0x37e9c754db39049f243fec4711def58605165690","","","active","","","","",0,0,1,0,,,,,,,1,0,0,,
"ssvnetwork","0x87882b8498e4d045c67d707dab1de70b076b653f","","","active","","","","",0,0,1,0,,,,,,,1,0,0,,
"ssvnetwork","0x2b96c5e63384fee4848181addd04c29b3a16eb89","","","active","","","","",0,0,1,0,,,,,,,1,0,0,,
"ssvnetwork","0xf733454bb020b76cfc9c4ad80367bab412edbffb","","[36a1989eeecbdc85464a4e487f596ce86483a22a3f0a86dcf071de301db9e238].[03eda0b49ca0a5517e86e4e6fff0353db67e81f8d1f79adb96ce8fd7ffaff898].eth","active","","","","",0,0,1,0,,,,,,,1,0,0,,
"ssvnetwork","0xeb64dd4609b332f8292c1cd10b87889a88c81655","","cryptoadamant1.eth","active","","","","",0,0,1,0,,,,,,,1,0,0,,
"ssvnetwork","0xffea74339e1863a958ee14b4478e48785bb23c5e","","","active","","","","",0,0,1,0,,,,,,,1,0,0,,
"ssvnetwork","0x44bcefce74e4c9daff03b35ab5abd7abfc4cabb4","","","active","","","","",0,0,1,0,,,,,,,1,0,0,,
"ssvnetwork","0x410d9cbadd36333d98c2391bc6525f1724d53949","","skyfinance.eth","active","","","","",0,0,1,0,,,,,,,1,0,0,,
"ssvnetwork","0x0f356364488d4d6eea9b57116dd0e9ea44549982","","","active","","","","",0,0,1,0,,,,,,,1,0,0,,
"ssvnetwork","0x89d62e425f3d1902d8cb8568b1e71fd16121ad27","","","active","","","","",0,0,1,0,,,,,,,1,0,0,,
"ssvnetwork","0x69f1a0e7bee4f34acb10eba3dec9c81c8e296c15","","","active","","","","",0,0,1,0,,,,,,,1,0,0,,
"ssvnetwork","0xb3395265f5d7a6196e0436cf8adc43b5d108c2dd","","","active","","","","",0,0,1,0,,,,,,,1,0,0,,
"ssvnetwork","0x24f59a23d97c166a78e2483ce81cbc0c24839623","","beeruscat.eth","active","","","","",0,0,1,0,,,,,,,1,0,0,,
"ssvnetwork","0x0e1610f02e43b94e5317f58c528172d42e44225b","","minskskydive.eth","active","","","","",0,0,1,0,,,,,,,1,0,0,,
"ssvnetwork","0xecee595ab271dbebdfd95f5adad054b2366e9658","","","active","","","","",0,0,1,0,,,,,,,1,0,0,,
"ssvnetwork","0x5a3ff6c168cc0164d4cdd59c3fc710535da6c3a6","","","active","","","","",0,0,1,0,,,,,,,1,0,0,,
"ssvnetwork","0x893e8165fdd985ede967741e47279ddfda4fadf4","","","active","","","","",0,0,1,0,,,,,,,1,0,0,,
"ssvnetwork","0x0b468c986b21896d4c383be8101a639ecc99f8de","","storyka.eth","active","","","","",0,0,1,0,,,,,,,1,0,0,,
"ssvnetwork","0xa172a95e326de4e9ad0b67a945ef344d0f8f8718","","","active","","","","",0,0,1,0,,,,,,,1,0,0,,
"ssvnetwork","0xc3eed391e92ac9d810cb43cc4c1124e99ccaf688","","lingament.eth","active","","","","",0,0,1,0,,,,,,,1,0,0,,
"ssvnetwork","0xeb2993a4e44291da4020102f6d2ed8d14b1cca4c","","smartestmoney.eth","active","","","","",0,0,1,0,,,,,,,1,0,0,,
"ssvnetwork","0x9134fc7112b478e97ee6f0e6a7bf81ecafef19ed","","jrh3k5.eth","active","","","","",0,0,1,0,,,,,,,1,0,0,,
"ssvnetwork","0x73261e5cba424a5d3759e92870f5f230f068b715","","","active","","","","",0,0,1,0,,,,,,,1,0,0,,
"ssvnetwork","0x3845db689ece1e8db5af208f77f44cc1c7171407","","","active","","","","",0,0,1,0,,,,,,,1,0,0,,
"ssvnetwork","0xa19265badd946329a8a8f84f25403e44ab185ab8","","440.eth","active","","","","",0,0,1,0,,,,,,,1,,0,,
"ssvnetwork","0x98cda0c10d49f81ab2edfce4e45693596e41d519","","","active","","","","",0,0,1,0,,,,,,,1,0,0,,
"ssvnetwork","0x9725dc287005cb8f11ca628bb769e4a4fc8f0309","","","active","","","","",0,0,1,0,,,,,,,1,0,0,,
"ssvnetwork","0xf3fce06e32b688b489226e8c0313c46d93e9c6f3","","","active","xzp1990","","","",2243,0,1,0,,,,,,,1,,0,,
"ssvnetwork","0x797bc498edee4357a16a1054db0323cbd04c84c3","","nicoa.eth","active","","","","",0,0,1,0,,,,,,,1,0,0,,
"ssvnetwork","0xf36c8df9ef41c3d02ece02d8081c05694fea66ff","","","active","","","184839961378422784","0xamaury#0",0,0,1,0,,,,,,,0,0,0,0,25
"ssvnetwork","0x79d76b3858a34e30504958152e0b71aceb825161","","","active","","","","",0,0,1,0,,,,,,,1,0,0,,
"ssvnetwork","0x7564c8c5e022b3f3443776bbc208257a7df9d76b","","","active","","","","",1,0,1,0,,,,,,,1,,0,,
"ssvnetwork","0x3b88eee41627d4d05c25370a157ac44b7908c450","","","active","","","","",0,0,1,0,,,,,,,1,,0,,
"ssvnetwork","0xe10190ba0747c7c13b04a349e50f518b5e179b04","","","active","","","","",0,0,1,0,,,,,,,1,0,0,,
"ssvnetwork","0x21ab954b2203b4dd985a27fd03e72989a82a433a","","","active","","","","",0,0,1,0,,,,,,,1,0,0,,
"ssvnetwork","0x2f4462279328f6d0085d87f74f336d0f7d722242","","","active","","","","",1,0,1,0,,,,,,,1,,0,,
"ssvnetwork","0x2b5d690e51dfaf77a54f9c1e96d2bdc55b14485d","","poo.eth","active","","","","",7,0,1,0,,,,,,,1,,0,,
"ssvnetwork","0x59822bfbdbb179ef2be0ca35c44d9cf58af964bd","","eream.eth","active","","","","",0,0,1,0,,,,,,,1,0,0,,
"ssvnetwork","0x26655d43e3dfa4f7ef6ee94cef70eb64632e6d59","","","active","","","","",0,0,1,0,,,,,,,1,0,0,,
"ssvnetwork","0xa2644fdffc492b0d75f65d5927394757cd357c1b","","","active","","","","",0,0,1,0,,,,,,,1,0,0,,
"ssvnetwork","0x3264eb66a6e9b235e434f3905e9c584f177283ec","","","active","","","","",100,0,1,0,,,,,,,1,,0,,
"ssvnetwork","0x73b218cb06b7faf13a16d9e43cb97cff0f2f77c1","","","active","","","","",0,0,1,0,,,,,,,1,,0,,
"ssvnetwork","0x60895a6a363b5eed6fbca3b3c3bfca403efc6709","","","active","","","","",255,0,1,0,,,,,,,1,,0,,
"ssvnetwork","0xade4c5a66ee54f53885ec1d085b169829c7413d9","","","active","","","","",0,0,1,0,,,,,,,1,,0,,
"ssvnetwork","0x79913fb3efc92162f6edc91e5f3b4e3d234d0028","","","active","","rohith20051104","","",0,0,0,0,,,,,,,,,,,
"ssvnetwork","0xfdba5099e8aa0a08cc1e026b957661fd696132bb","","","active","","","508309789210836993","_artu#0",0,0,0,0,,,,,,,,,,,
"ssvnetwork","0xca64acaa39f265200d105391c09a28912fe5333f","XD","","active","","","508309789210836993","",0,0,0,0,,,,,,,,,,,
"ssvnetwork","0xda97c8739de1e4b6bc2560b6795ac7a1a080c32a","","","active","","","508309789210836993","",0,0,0,0,,,,,,,,,,,
"ssvnetwork","0x280898a27e866765354f86948b10b60bdebcdc6a","rootwarp ","","active","","","854633327033057280","rootwarp",0,0,0,0,,,,,,,,,,,
"ssvnetwork","0x9581f30e138866037ea9c2bf39af296d7c7184a4","0xGiant","","active","","","","",0,0,0,0,,,,,,,,,,,
"ssvnetwork","0xc81bd9470f3024c33ae98ce6014f36edb4d74766","","","active","","roman.shpychka","","",0,0,0,0,,,,,,,,,,,
"ssvnetwork","0xfe1a9550ec8f21e28fe86e26f9c767e042246c85","","","active","","ricoaprillananda","","",0,0,0,0,,,,,,,,,,,
"ssvnetwork","0xefcba964cb6f636f762eb11c5d3822672c56588c","","","active","","saeed","","",0,0,0,0,,,,,,,,,,,
"ssvnetwork","0xea091c9f16205a9ea096b038e13a686e0f192d33","","hashquark.eth","active","hashquark","","","",0,0,0,0,,,,,,,0,0,0,,
"ssvnetwork","0x9665f5e21040d244e8f1846cf4f82e479298d57d","A41","","active","","","","",0,0,0,0,,,,,,,0,0,0,,
"ssvnetwork","0x6a6c79d8da4d3b1c8963073529cd026b36817eb6","Hayhouse Projects LLC","hayhouse-projects.eth","active","","","","",0,0,0,0,,,,,,,0,,0,,
"ssvnetwork","0xdebb529a75db7964fa68897ba0a7f65a9fb39bed","JaromirZ","","active","","","","",0,0,0,0,,,,,,,0,0,0,,
"ssvnetwork","0xf635fcc046c5d584cd999ead5b172e9e76de27ce","Delete","","withdrawn","","lemma","416222591330549770","",0,,0,,,,,,,,,,,,
"ssvnetwork","0xa67a79cf9ead85879e2d15238707afc0a2f45eaa","","","active","","","","",0,0,0,0,,,,,,,0,0,0,,
"ssvnetwork","0x6f00ce7253bfd3a5a1c307b5e13814bf3433c72f","leonprou","leonprou.eth","active","","","","",2,0,0,0,,,,,,,0,,0,,
"ssvnetwork","0xe76be9c1e10910d6bc6b63d8031729747910c2f6","","stakefy.eth","active","","","","",0,0,0,0,,,,,,,0,0,0,,
"ssvnetwork","0x66946def4ba6153c500d743b7a5febfc1654d6bd","Fuji AR","","active","","","","",0,0,0,0,,,,,,,0,0,0,,
"ssvnetwork","0xf27954eec29ebc356e02845a11c729e7d46b0857","cryheart","cryheart.eth","active","","","","",0,0,0,0,,,,,,,0,0,0,,
"ssvnetwork","0x8692bc2fa506728449b0336b26696085a3fc8eb0","P2P.org","","active","","","","",0,0,0,0,,,,,,,0,0,0,,
"ssvnetwork","0x4409a8f0d5e5dcc65a1779beb61805f7c9a7416d","amthatsme","amthatsme.eth","active","","","","",0,0,0,0,,,,,,,0,,0,,
"ssvnetwork","0x2bcd3566124a613033a5c9467aec84c5949ecda8","","","active","","","","",0,0,0,0,,,,,,,0,0,0,,
"ssvnetwork","0xcbd5acd74e9e92624f4dcd1f65e9d8566234dfdd","","miryam.eth","active","","","","",0,0,0,0,,,,,,,0,,0,,
"ssvnetwork","0x2a5b95c0770bd74b66d7214e60ea6619fd233687","","","active","","","","",0,0,0,0,,,,,,,0,0,0,,